"Tingle, Tim",Title,Call_Number,Cumu_Circ,Last_Circ_Date,Weed,Date,weed_for_condition,Author_Cultural_Identity,BH_Source_Note_Score,Tier_Score,Country,Region,Source,Award,Fiction_NonFiction,Explore
"Engelbreit, Mary",5-minute Mary Engelbreit fairy tales.,E 398.2 EN32F,29,7/24/2023,,2018,,,,,European,Europe,,,NonFiction,
"Forest, Heather",The contest between the Sun and the Wind : an Aesop's fable /,E 398.2 F761C,34,3/17/2022,,2008,,,,,European,Europe,Aesop,,NonFiction,
"Scarry, Richard.",Richard Scarry's best nursery tales ever.,E 398.2 Sca77b 2014,23,7/19/2023,,2014,,,,,European,Europe,,,NonFiction,
"Shaw, Stephanie",The legend of the beaver's tail /,E 398.2089 OJ3SH,14,10/26/2021,,2015,,,2,2,Native American,North America,,,NonFiction,1
"Berry, Holly",Told and retold : around the world with Aesop's fables /,E 398.209 Ae88be 2022,3,9/11/2023,,2022,,,,,European,Europe,Aesop,,NonFiction,
"Berne, Emma Carlson, 1979-",A first look at dragons /,E 398.209 B457fd 2021,2,6/6/2023,,2021,,,,,European,Europe,,,NonFiction,
,Fairy tale favorites : 3 books in 1!.,E 398.209 F169,21,7/24/2023,,2015,,,,,European,Europe,,,NonFiction,
"Gish, Ashley",Mermaids /,E 398.209 G4467m 2020,21,7/14/2023,,2020,,,,,European,Europe,,,NonFiction,
"Gish, Ashley",Unicorns /,E 398.209 G4467u 2020,21,9/12/2022,,2020,,,,,European,Europe,,,NonFiction,
"Gish, Ashley",Werewolves /,E 398.209 G4467w 2020,27,6/24/2023,,2020,,,,,European,Europe,,,NonFiction,
"Grandi, Gina L.",The magic of unicorns : field guide to fabulous creatures /,E 398.209 G764m 2018,9,3/6/2023,,2018,,,,,European,Europe,,,NonFiction,
"Hoberman, Mary Ann","You read to me, I'll read to you : very short tall tales to read together /",E 398.209 H653yt 2014,43,12/16/2022,,2014,,,,,European,Europe,,,NonFiction,
"Hoffman, Mary, 1945-",A first book of fairy tales /,E 398.209 H675f 2001,11,7/25/2023,,2001,,,,,European,Europe,,,NonFiction,
"Hoffman, Mary, 1945-",A first book of fairy tales /,E 398.209 H675f 2001,3,4/24/2023,,2001,,,,,European,Europe,,,NonFiction,
"Gish, Ashley",Leprechauns /,E 398.20941 Ir2g 2020,3,3/31/2023,,2020,,,,,European,Europe,,,NonFiction,
"Fischer, Hans, 1909-1958",In fairyland : the finest of tales by the Brothers Grimm /,E 398.20943 G317fi 2018,5,6/15/2022,,2018,,,,,Germany,Europe,,,NonFiction,
"Wu, Faye-Lynn",Mulan : the legend of the woman warrior /,E 398.20951 C441w 2019,4,4/24/2023,,2019,,x,1,5,China,Asia,,,NonFiction,1
"MacDonald, Margaret Read, 1940-",The boy from the dragon palace : a folktale from Japan /,E 398.20952 J271MAB,26,10/26/2022,,2011,,,3,2,Japan,Asia,,,NonFiction,1
"Williams, Marcia, 1945-",The elephant's friend and other tales from ancient India /,E 398.20954 IN2WIE,17,11/3/2022,,2012,,,1,5,India,Asia,,,NonFiction,1
"Kheiriyeh, Rashin.",Two parrots /,E 398.20955 IR1KH,17,1/23/2023,,2014,,x,2,5,Iran,Middle East,,,NonFiction,1
"Tonatiuh, Duncan",The princess and the warrior : a tale of two volcanoes /,E 398.20972 M574top 2016,15,11/10/2021,,2016,,x,4,5,Mexico,Central America,,Belpre,NonFiction,1
"Gish, Melissa",Fairies /,E 398.21 G446f 2022,2,11/5/2022,,2022,,,,,European,Europe,,,NonFiction,
"Gish, Ashley",Vampires /,E 398.45 G4467v 2020,1,11/28/2022,,2020,,,,,European,Europe,,,NonFiction,
"Brown, Marc Tolon",Marc Brown's playtime rhymes : a treasury for families to learn and play together.,E 398.8 B814P,33,6/29/2022,,2013,,,,,American,North America,Mother Goose,,NonFiction,
"Caldecott, Randolph, 1846-1886",Randolph Caldecott's picture books /,E 398.8 C127P,38,12/6/2021,,2008,,,,,American,North America,,,NonFiction,
,Tomie dePaola's Mother Goose.,E 398.8 D44T,21,7/24/2023,,1985,,,,,American,North America,Mother Goose,,NonFiction,
"Elya, Susan Middleton, 1955-",La Madre Goose : nursery rhymes for los niños /,E 398.8 EL94M,15,3/8/2023,,2016,,x,,5,Mexico,Central America,Mother Goose,,NonFiction,1
"Hillenbrand, Will",Mother Goose picture puzzles /,E 398.8 H557m 2011,12,8/5/2023,,2011,,,,,European,Europe,Mother Goose,,NonFiction,
,"Honey for you, honey for me : a first book of nursery rhymes /",E 398.8 H757 2021,2,10/26/2021,,2021,,,,,American,Europe,,,NonFiction,
"Hout, Mies van","Twinkle, twinkle, little star /",E 398.8 H818T,37,5/25/2023,,2014,,,,,American,Europe,Mother Goose,,NonFiction,
,I see the moon /,E 398.8 I1be 2019,19,8/7/2023,,2019,,,,,?,,,,NonFiction,
"Kolar, Rachel",Mother Ghost : nursery rhymes for little monsters /,E 398.8 K83M,13,4/19/2023,,2018,,,,,American,Europe,Mother Goose,,NonFiction,
,My very first Mother Goose /,E 398.8 OP3M,16,8/14/2023,,2016,,,,,European,Europe,Mother Goose,,NonFiction,
,The real Mother Goose /,E 398.8 R229 1994,9,8/12/2023,,1994,,,,,European,Europe,Mother Goose,,NonFiction,
"Scieszka, Jon",The real Dada Mother Goose : a treasury of complete nonsense /,E 398.8 Sci27r 2022,0,5/17/2023,,2022,,,,,American,Europe,Mother Goose,,NonFiction,
"Scieszka, Jon",The real Dada Mother Goose : a treasury of complete nonsense /,E 398.8 Sci27r 2022,0,12/28/2022,,2022,,,,,American,Europe,Mother Goose,,NonFiction,
"Sehgal, Kabir",Mother Goose goes to India /,E 398.8 Se41m 2021,6,44839,,2021,,,,,India,Asia,,,NonFiction,1
"Bowman, James Cloyd, 1880-1961",Pecos Bill : the greatest cowboy of all time /,J 398.2 B684P,32,1/7/2023,,2007,,,,,American,North America,,Newbery,NonFiction,
"Chase, Richard, 1904-1988",Grandfather tales : American-English folk tales /,J 398.2 C386g 2003,10,8/2/2022,,2003,,,,,Multiple,North America/Europe,,,NonFiction,
"Compton, Joanne",Ashpet : an Appalachian tale /,J 398.2 C739A,35,8/2/2022,,1994,,,,,American,North America,,,NonFiction,
"Crum, Shutta",Who took my hairy toe? /,J 398.2 C888W KY,41,8/2/2022,,2001,,,,,American,North America,,,NonFiction,
"DePaola, Tomie, 1934-2020.",Tomie dePaola's Front porch tales & North Country whoppers.,J 398.2 D44F,44,7/11/2023,,2007,,,,,American,North America,,,NonFiction,
"Johnson, Paul Brett",Fearless Jack /,J 398.2 J636F KY,42,4/19/2023,,2001,,,,,American,North America,,,NonFiction,
"Johnson, Paul Brett",Jack outwits the giants /,J 398.2 J636J KY,26,4/19/2023,,2002,,,,,American,North America,,,NonFiction,
"Johnson, Paul Brett",Old Dry Frye : a deliciously funny tall tale /,J 398.2 J636O KY,36,5/9/2023,,1999,,,,,American,North America,,,NonFiction,
"Johnston, Tony, 1942-",Bigfoot Cinderrrrrella /,J 398.2 J648B,26,10/24/2022,,1998,,,,,American,North America,Grimm,,NonFiction,
"Kellogg, Steven",Paul Bunyan : a tall tale /,J 398.2 K294PB,90,7/25/2023,,1984,,,,,American,North America,,,NonFiction,
"Kellogg, Steven.",Pecos Bill : a tall tale /,J 398.2 K294PBI,39,5/12/2023,,1992,,,,,American,North America,,,NonFiction,
"Ketteman, Helen",Armadilly chili /,J 398.2 K511A,34,8/8/2023,,2004,,,,,American,North America,,,NonFiction,
"McAllister, Angela",A year full of stories /,J 398.2 M117y 2016,44,45155,,,,,,,World,World,,,NonFiction,
"Myers, Christopher",Lies and other tall tales /,J 398.2 M992L,32,8/2/2022,,2005,,,,,American,North America,,,NonFiction,
,The pig who went home on Sunday : an Appalachian folktale /,J 398.2 P621D,15,8/2/2022,,2004,,,,,American,North America,,,NonFiction,
"San Souci, Robert D",Cinderella Skeleton /,J 398.2 SA54CK,32,11/12/2022,,2000,,,,,American,North America,Grimm,,NonFiction,
"Van Laan, Nancy",With a whoop and a holler : a bushel of lore from way down south /,J 398.2 V322W,19,8/2/2022,,1998,,,,,American,North America,,,NonFiction,
"Walker, Paul Robert","Big men, big country : a collection of American tall tales /",J 398.2 W153B,29,8/2/2022,,1993,,,,,American,North America,,,NonFiction,
"Ward, Marchella, 1991-",Gods of the ancient world : a kids' guide to ancient mythologies /,J 398.2 W215g 2023,8,7/19/2023,,2023,,,c/o,,Racism,World,,,NonFiction,
"Willey, Margaret",Clever Beatrice and the best little pony /,J 398.2 W669CB,35,6/30/2023,,2004,,,,,American,North America,,,NonFiction,
"Bruchac, Joseph, 1942-","Flying with the eagle, racing the great bear : stories from Native North America /",J 398.2089 B83fw 1993,5,11/21/2022,,1993,,x,1,5,Native American,North America,,,NonFiction,1
"Bruchac, Joseph, 1942-",How Chipmunk got his stripes : a tale of bragging and teasing /,J 398.2089 B83H,28,9/11/2023,,2001,,x,4,5,Native American,North America,,,NonFiction,1
"Bruchac, Joseph, 1942-",Raccoon's last race : a traditional Abenaki story /,J 398.2089 B83R,23,8/2/2022,,2004,,x,1,5,Native American,North America,,,NonFiction,1
"Bruchac, James.",Rabbit's snow dance : a traditional Iroquois story /,J 398.2089 B83RS,26,3/24/2023,,2012,,x,1,5,Native American,North America,,,NonFiction,1
"Bruchac, Joseph, 1942-",When the Chenoo howls : native American tales of terror /,J 398.2089 B83W,31,8/6/2023,,1988,x,x,,5,Native American,North America,,,NonFiction,1
"Caduto, Michael J.",Keepers of life : discovering plants through Native American stories and earth activities for childr,J 398.2089 C115KL,37,1/17/2023,,1994,,x,4,5,Native American,North America,,,NonFiction,1
"Bruchac, Joseph, 1942-",The first strawberries : a Cherokee story /,J 398.2089 C424brf 1993,27,9/9/2023,,1993,,x,3,5,Native American,North America,,,NonFiction,1
"Ross, Gayle",How Turtle's back was cracked : a traditional Cherokee tale /,J 398.2089 C424ROH,36,8/29/2022,,1995,,x,4,5,Native American,North America,,,NonFiction,1
"Tingle, Tim",Walking the Choctaw road /,J 398.2089 C451TIW,15,8/2/2022,,2003,,x,4,5,Native American,North America,,,NonFiction,1
"Tingle, Tim",When Turtle grew feathers : a folktale from the Choctaw nation /,J 398.2089 C451TIWT,35,8/2/2023,,2007,,x,2,5,Native American,North America,,,NonFiction,1
"Goble, Paul",Adopted by the eagles : a Plains Indian story of friendship and treachery /,J 398.2089 D149GOA,14,9/29/2022,x,1994,,,1,1,Native American,North America,,,NonFiction,1
"DePaola, Tomie, 1934-2020",The legend of the Indian paintbrush /,J 398.2089 D441l 1988,59,7/5/2023,,1988,,,1,1,Native American,North America,,,NonFiction,1
"Sloat, Teri",The hungry giant of the Tundra /,J 398.2089 ES44SLH,19,7/31/2021,,1993,,,3,4,Native American,North America,,,NonFiction,1
"Goble, Paul",Buffalo woman /,J 398.2089 G538B,18,12/1/2020,x,1984,,,3,1,Native American,North America,,,NonFiction,1
"Goble, Paul",The boy & his mud horses : & other stories from the tipi /,J 398.2089 G538BM,16,8/14/2023,x,2010,,,,1,Native American,North America,,,NonFiction,1
"Goble, Paul",Iktomi and the boulder : a Plains Indian story /,J 398.2089 G538IB,29,1/11/2021,x,1988,,,,1,Native American,North America,,,NonFiction,1
"Goble, Paul",Iktomi and the buzzard : a Plains Indian story /,J 398.2089 G538IBU,18,12/7/2020,x,1994,,,,1,Native American,North America,,,NonFiction,1
"Goble, Paul",Iktomi and the ducks : a Plains Indian story /,J 398.2089 G538ID,19,11/17/2020,x,1990,,,,1,Native American,North America,,,NonFiction,1
"Goble, Paul",Iktomi loses his eyes : a Plains Indian story /,J 398.2089 G538IL,18,12/1/2020,x,1999,,,,1,Native American,North America,,,NonFiction,1
"Goble, Paul",The legend of the White Buffalo Woman /,J 398.2089 G538LE,20,1/4/2023,x,1998,,,1,1,Native American,North America,,,NonFiction,1
"Goble, Paul",Mystic horse /,J 398.2089 G538m 2003,4,12/8/2022,x,2003,,,3,1,Native American,North America,,,NonFiction,1
"Goldin, Barbara Diamond",Coyote and the fire stick : a Pacific Northwest Indian tale /,J 398.2089 G569C,75,6/15/2023,,1996,,,4,2,Native American,North America,,,NonFiction,1
"Jones, Dan C., 1951-",Living ghosts and mischievous monsters : chilling American Indian stories /,J 398.2089 J713l 2021,17,9/11/2023,,2021,,x,3,5,Native American,North American,,,NonFiction,1
"McDermott, Gerald",Coyote : a trickster tale from the American Southwest /,J 398.2089 M143C,35,12/9/2022,,1994,,,1,1,Native American,North America,,,NonFiction,1
"Duncan, Lois, 1934-2016",The magic of Spider Woman /,J 398.2089 N227DUM,30,10/27/2020,,1996,,,1,3,Native American,North America,,,NonFiction,1
"Jackson, Gwen",Lump Lump and the blanket of dreams : inspired by Navajo culture and folklore /,J 398.2089 N227JAL,3,1/5/2021,,2016,,,3,2,Native American,North America,,,NonFiction,1
"Oughton, Jerrie",How the stars fell into the sky : a Navajo legend /,J 398.2089 N227OUH KY,21,10/15/2022,,1992,,,c/o,2,Native American,North America,,,NonFiction,1
"Luenn, Nancy",The miser on the mountain : a Nisqually legend of Mount Rainier /,J 398.2089 N635LUM,24,8/18/2022,,1997,,,2,2,Native American,North America,,,NonFiction,1
"Rodanas, Kristina",Dance of the sacred circle : a native American tale /,J 398.2089 SI28ROD,22,8/23/2021,x,1994,,,2,2,Native American,North America,,,NonFiction,1
"Goble, Paul",Storm maker's tipi /,J 398.2089 SI29GOST,18,12/1/2020,x,2001,,,2,1,Native American,North America,,,NonFiction,1
"Van Laan, Nancy",Buffalo dance : a Blackfoot legend /,J 398.2089 SI29VAB,21,1/4/2023,,1993,,,2,2,Native American,North America,,,NonFiction,1
,Spider spins a story : fourteen legends from Native America /,J 398.2089 SP42,24,10/26/2021,,1997,,x,5,5,Native American,North America,,,NonFiction,1
"Tingle, Tim",Spirits dark and light : supernatural tales from the Five Civilized Tribes /,J 398.2089 T493S,29,1/2/2020,,2006,,x,1,5,Native American,North America,,,NonFiction,1
"Taylor, Harriet Peck",Coyote places the stars /,J 398.2089 W269TAC,48,8/6/2021,,1993,,,2,2,Native American,North America,,,NonFiction,1
"Ross, Gayle",The legend of the Windigo : a tale from native North America /,J 398.2089 W723ROL,26,12/1/2022,,1996,,x,4,5,Native American,North America,,,NonFiction,1
"Hamilton, Virginia, 1934-2002","Her stories : African American folktales, fairy tales, and true tales /",J 398.20896 H18H,30,7/22/2023,,1995,,,2,5,African American,African American,,,NonFiction,1
"Lester, Julius, 1939-2018","Further tales of Uncle Remus : the misadventures of Brer Rabbit, Brer Fox, Brer Wolf, the Doodang, a",J 398.20896 L567F,21,1/4/2023,,1990,,X,1,5,African American,African American,,,NonFiction,1
"Lester, Julius, 1939-2018",The last tales of Uncle Remus /,J 398.20896 L567L,8,7/24/2023,,1994,,X,1,5,African American,African American,,,NonFiction,1
"Lyons, Mary E.",Roy makes a car /,J 398.20896 L995R,22,11/11/2020,,2005,,X,3,5,African American,African American,,,NonFiction,1
"McGill, Alice",Way up and over everything /,J 398.20896 M175W,17,1/11/2020,,2008,,X,3,5,African American,African American,,,NonFiction,1
"San Souci, Robert D",Sukey and the mermaid /,J 398.20896 SA54S,21,8/2/2023,,1992,,X,4,5,African American,African American,,Newbery,NonFiction,1
"San Souci, Robert D",The talking eggs : a folktale from the American South /,J 398.20896 Sa54t 1989,41,7/22/2023,,1989,,X,1,5,African American,African American,,Caldecott,NonFiction,1
"Sierra, Judy",Wiley and the hairy man /,J 398.20896 SI17W,28,2/22/2022,,1996,,,1,4,African American,African American,,,NonFiction,1
"Gelfand, Shoshana Boyd",The Barefoot Book of Jewish tales /,J 398.2089924 G281B,7,9/29/2019,,2013,,x,2,5,Jewish,Jewish,,,NonFiction,1
"Taback, Simms",Kibitzers and fools : tales my zayda (grandfather) told me /,J 398.2089924 T111K,23,2/28/2023,,2005,,x,1,5,Jewish,Jewish,,,NonFiction,1
"Tarbescu, Edith",The boy who stuck out his tongue : a Yiddish folk tale /,J 398.2089924 T172B,21,1/2/2023,,2000,,x,1,5,Jewish,Jewish,,,NonFiction,1
,Aesop's fables /,J 398.209 AE88AEF,16,8/3/2023,,2014,,,,,European,Europe,Aesop,,NonFiction,
"Anno, Mitsumasa, 1926-2020",Anno's Aesop : a book of fables /,J 398.209 AE88AN,30,7/19/2023,,1989,,,,,European,Europe,Aesop,,NonFiction,
"Carle, Eric",The rabbit and the turtle : Aesop's fables /,J 398.209 AE88CAR,30,3/30/2023,,2008,,,,,European,Europe,Aesop,,NonFiction,
"Galdone, Paul",Three Aesop fox fables /,J 398.209 AE88G,39,2/27/2023,,1971,,,,,European,Europe,Aesop,,NonFiction,
"Lendler, Ian",The fabled life of Aesop /,J 398.209 Ae88l 2020,17,8/3/2022,,2020,,,,,European,Europe,Aesop,,NonFiction,
"Lowry, Amy",The ant and the grasshopper /,J 398.209 AE88PO,37,9/16/2023,,,,,,,European,Europe,,,NonFiction,
"Allen, Nancy Kelly, 1949-",The truth about princesses /,J 398.209 AL545T,16,5/15/2023,,2010,,,,,European,Europe,,,NonFiction,
"Batt, Tanya Robyn",The fabrics of fairytale : stories spun from far and wide /,J 398.209 B321F,15,1/5/2023,,2000,,,2,2,World,World,,,NonFiction,
"Berk, Ari","The secret history of mermaids and creatures of the deep, or, The liber aquaticum /",J 398.209 B455s 2009,4,10/25/2022,,2009,,,,,European,Europe,,,NonFiction,
"Blaisdell, Molly, 1964-",The truth about unicorns /,J 398.209 B578T,41,2/13/2023,,2011,,,,,European,Europe,,,NonFiction,
"Caldwell, Stella",Fairy world /,J 398.209 C127F,18,7/19/2023,,2016,,,,,European,Europe,,,NonFiction,
Good Wives and Warriors (Partnership),Mythopedia : an encyclopedia of mythical beasts and their magical tales /,J 398.209 C579m 2020,12,9/15/2023,,2020,,,,,European,Europe,,,NonFiction,
"Czarnota, Lorna",Medieval tales that kids can read & tell /,J 398.209 C995M,36,8/3/2022,,2000,,,,,European,Europe,,,NonFiction,
"Dalton, Annie",The starlight princess and other princess stories /,J 398.209 D171S,23,2/8/2020,,1999,,,3,2,World,World,,,NonFiction,
"DeSpain, Pleasant",Thirty-three multicultural tales to tell /,J 398.209 D467T,32,8/11/2022,x,1993,,,,1,World,North America,,,NonFiction,
"Draconis, Curatoria (Fictitious character)",The Dragon Ark /,J 398.209 D782d 2020,21,9/3/2023,,2020,,,,,European,Europe,,,NonFiction,
"Drake, Ernest.",Dr. Ernest Drake's monsterology handbook : a practical course in monsters /,J 398.209 D789mh 2009,12,11/16/2022,,2009,,,,,European,Europe,,,NonFiction,
"Edwards, Carolyn McVickar",The return of the light : twelve tales from around the world for the Winter Solstice /,J 398.209 ED95R,53,2/14/2023,,2000,,,3,2,World,World,,,NonFiction,
"Erickson, Marty",Fairies /,J 398.209 Er44f 2022,3,7/12/2023,,2022,,,,,European,Europe,,,NonFiction,
"Fleischman, Paul","First light, first life : a worldwide creation story /",J 398.209 F628F,16,8/3/2022,,2016,,,2,2,World,World,,,NonFiction,
"Fleischman, Paul","Glass slipper, gold sandal : a worldwide Cinderella /",J 398.209 F628G,30,4/3/2023,,2007,,,2,2,World,World,Grimm,,NonFiction,
,Through the water curtain : & other tales from around the world /,J 398.209 F964t 2018,1,8/3/2022,,2018,,,2,,World,World,,,NonFiction,
"Ganeri, Anita, 1961-",Creatures of myths and legends /,J 398.209 G154C,17,3/21/2023,x,2012,,,,1,World,North America,,,NonFiction,
,"The giant golden book of elves and fairies with assorted pixies, mermaids, brownies, witches, and le",J 398.209 G348EF,25,6/30/2023,,2008,,,,,European,Europe,,,NonFiction,
"Gunderson, Jessica",Snow White : 4 beloved tales /,J 398.209 G955s 2015,8,5/15/2023,,2015,,,1,,World,World,Grimm,,NonFiction,
"Gwynne, Penelope","For unicorn lovers only : history, mythology, facts, and more /",J 398.209 G996f 2020,10,10/18/2022,,2020,,,,,European,Europe,,,NonFiction,
"Hoffman, Mary, 1945-","Earth, fire, water, air /",J 398.209 H675E,32,8/10/2023,,1995,,,n/a,1,World,World,,,NonFiction,
"Holland, Simon",Magnificent magical beasts : inside their secret world /,J 398.209 H719M,33,9/9/2023,,,,,,,European,Europe,,,NonFiction,
,Ready-to-tell tales : sure-fire stories from America's favorite storytellers /,J 398.209 H742R,35,8/3/2022,x,1994,,,,1,World,North America,,,NonFiction,
"Jenkins, Emily, 1967-","Brave Red, smart frog : a new book of old tales /",J 398.209 J415B,8,8/3/2022,,2017,,,,,European,Europe,Grimm,,NonFiction,
"Johnson, Hal, 1972-",Fearsome creatures of the lumberwoods : 20 chilling tales from the wilderness /,J 398.209 J632F,21,3/16/2023,,2015,,,,,?,North America,,,NonFiction,
"Johnson, J. Angelique",The truth about fairies /,J 398.209 J633T,23,45156,,,,,,,European,Europe,,,NonFiction,
"Laskow, Sarah","The very short, entirely true history of unicorns /",J 398.209 L335v 2019,25,8/18/2023,,2019,,,,,European,Europe,,,NonFiction,
"Laskow, Sarah","The very short, entirely true history of mermaids /",J 398.209 L335vm 2020,7,8/18/2023,,2020,,,,,European,Europe,,,NonFiction,
"Lurie, Alison",The heavenly zoo : legends and tales of the stars /,J 398.209 L974H,34,7/19/2023,x,1979,x,,,5,World,North America,,,NonFiction,
"Maccarone, Grace",Princess tales around the world : once upon a time in rhyme with seek-and-find pictures /,J 398.209 M126P,12,6/30/2023,,2017,,x,2,5,World,World,,,NonFiction,
"McCaughrean, Geraldine.",The silver treasure : myths and legends of the world /,J 398.209 M128S,15,8/3/2022,x,1997,x,,,5,World,North America,,,NonFiction,
"MacDonald, Margaret Read, 1940-",Tuck-me-in tales : bedtime stories from around the world /,J 398.209 M145T,59,8/2/2023,,1996,,,3,2,World,World,,,NonFiction,
"MacDonald, Margaret Read, 1940-",Three-minute tales : stories from around the world to tell or read when time is short /,J 398.209 M145TM,29,1/4/2023,,2004,,,2,2,World,World,,,NonFiction,
"Macfarlane, Tamara",Dragon world /,J 398.209 M164d 2021,3,2/8/2023,,2021,,,,,European,Europe,,,NonFiction,
"Malam, John, 1957-",Dragons /,J 398.209 M291D,154,8/16/2023,,,,,,,European,Europe,,,NonFiction,
"Malam, John, 1957-",Giants /,J 398.209 M291G,114,10/8/2022,,2009,,,,1,World,World,,,NonFiction,
"Mason, Paul, 1967-",You can get sucked down an airplane toilet! : the fact or fiction behind urban myths /,J 398.209 M381Y,21,45154,,,,,,,American,North America,,,NonFiction,
"Matthews, John, 1948-","The Barefoot book of giants, ghosts and goblins : traditional tales from around the world /",J 398.209 M4325B,23,5/3/2023,,1999,,,,2,World,World,,,NonFiction,
"Matthews, Caitlin, 1952-",Fireside stories : tales for a winter's eve /,J 398.209 M432F,39,3/6/2023,,2015,,,,,European,Europe,,,NonFiction,
"Meister, Cari",Cinderella : 4 beloved tales /,J 398.209 M479c 2015,31,8/2/2023,,2015,,,1,2,World,World,Grimm,,NonFiction,
"Meister, Cari",Rapunzel : 3 beloved tales /,J 398.209 M479r 2015,8,2/13/2023,,2015,,,1,2,World,World,Grimm,,NonFiction,
,Mermaid tales from around the world /,J 398.209 M549O,41,10/30/2022,x,1993,x,,,5,World,North America,,,NonFiction,
"Mutén, Burleigh.",Grandfather Mountain : stories of gods and heroes from many cultures /,J 398.209 M982G,57,7/19/2023,,2004,,,2,5,World,World,,,NonFiction,
"Napoli, Donna Jo, 1948-",Treasury of magical tales from around the world /,J 398.209 N162t 2021,6,8/8/2023,,2021,,,,,World,World,,,NonFiction,
,Noodlehead stories : world tales kids can read & tell /,J 398.209 N736,30,8/3/2022,x,2000,,,,1,World,World,,,NonFiction,
,Once upon a fairy tale : four favorite stories /,J 398.209 ON1,63,6/12/2023,,2001,,,,,Germany,Europe,Grimm,,NonFiction,
"Otter, Isabel",Tales of fearless girls /,J 398.209 Ot8t 2021,0,8/3/2022,,2021,,,2,2,World,World,,,NonFiction,
"Penner, Lucille Recht",Dragons /,J 398.209 P382D,39,7/28/2023,,2004,,,,,European,Europe,,,NonFiction,
"Provensen, Alice",The Provensen book of fairy tales /,J 398.209 P948p 2021,6,7/18/2023,,2021,,,,,European,Europe,Grimm,,NonFiction,
,"Fearless girls, wise women, and beloved sisters : heroines in folktales from around the world /",J 398.209 R126F,52,5/31/2023,,1998,,,3,,World,World,,,NonFiction,
"Seraphini, Temisa",The secret lives of unicorns /,J 398.209 Se65s 2019,26,8/18/2023,,2019,,,,,European,Europe,,,NonFiction,
"Shannon, George, 1952-",More stories to solve : fifteen folktales from around the world /,J 398.209 SH19M,41,3/28/2023,,1991,,,,,World,North America,,,NonFiction,
"Shannon, George, 1952-",Stories to solve : folktales from around the world /,J 398.209 SH19S,21,3/28/2023,,1985,,,2,2,World,World,,,NonFiction,
"Steig, Jeanne",A handful of beans : six fairy tales /,J 398.209 St33h 2016,4,1/13/2022,,2016,,,,,European,Europe,,,NonFiction,
"Tchana, Katrin",Changing Woman and her sisters : stories of Goddesses from around the world /,J 398.209 T219C,19,9/9/2020,x,2006,x,,,2,World,World,,,NonFiction,
"Tchana, Katrin",The serpent slayer : and other stories of strong women /,J 398.209 T219S,46,6/12/2023,,2000,,,2,2,World,World,,,NonFiction,
"Thong, Roseanne",Wish : wishing traditions around the world /,J 398.209 T388W,21,3/21/2022,,2008,,,n/a,2,World,World,,,NonFiction,
"Tym, Kate",Princess stories from around the world /,J 398.209 T976P,30,8/15/2023,,2007,x,,,2,World,World,,,NonFiction,
"Uribe, Verónica",Little book of fables /,J 398.209 UR3L,35,8/16/2023,,2004,,,,,European,Europe,Aesop,,NonFiction,
"Walker, Richard",The barefoot book of trickster tales /,J 398.209 W153B,22,7/9/2023,,1998,,,,,World,North America,,,NonFiction,
"Walker, Paul Robert",Little folk : stories from around the world /,J 398.209 W153L,54,7/9/2023,,1997,,,,,World,World,,,NonFiction,
"Yolen, Jane",Not one damsel in distress : world folktales for strong girls /,J 398.209 Y78N,37,45168,,,,,2,2,World,World,,,NonFiction,
"Crossley-Holland, Kevin",Arthur the always king /,J 398.2094 En34cro 2021,0,4/25/2023,,2021,,,,,United Kingdom,Europe,,,NonFiction,
"Osborne, Mary Pope",Favorite medieval tales /,J 398.2094 EU74OSF,51,2/13/2023,,1998,,,,,United Kingdom,Europe,,,NonFiction,
"Brown, Marcia",Dick Whittington and his cat /,J 398.20941 G798BRD,23,3/13/2023,,1950,,,,,Germany,Europe,,Caldecott,NonFiction,
"Crossley-Holland, Kevin",British folk tales : new versions /,J 398.20941 G798CRB,30,4/2/2022,,1987,,,,,United Kingdom,Europe,,,NonFiction,
"Crossley-Holland, Kevin",Between worlds : folktales of Britain & Ireland /,J 398.20941 G798crbw 2019,3,4/29/2022,,2019,,,,,United Kingdom,Europe,,,NonFiction,
"Hodges, Margaret, 1911-2005",Saint Patrick and the peddler /,J 398.20941 IR2HOS,33,9/12/2022,,1993,,,,,Ireland,Europe,,,NonFiction,
"Leavy, Una",Irish fairy tales and legends /,J 398.20941 IR2LEI,52,3/29/2023,,1996,,,,,Ireland,Europe,,,NonFiction,
"MacGill-Callahan, Sheila",The last snake in Ireland : a story about St. Patrick /,J 398.20941 IR2MAGL,41,3/20/2023,,1999,,,,,Ireland,Europe,,,NonFiction,
"Milligan, Bryce, 1953-",The Prince of Ireland and the three magic stallions /,J 398.20941 IR2MIP,25,5/3/2022,,2003,,,,,Ireland,Europe,,,NonFiction,
"San Souci, Robert D",Brave Margaret : an Irish adventure /,J 398.20941 IR2SAB,49,6/9/2023,,1999,,,,,Ireland,Europe,,,NonFiction,
"Souhami, Jessica",Mrs. McCool and the giant Cuhullin : an Irish tale /,J 398.20941 IR2SOM,32,5/30/2023,,2002,,,,,Ireland,Europe,,,NonFiction,
"Tegen, Katherine Brown",The story of the Jack O'Lantern /,J 398.20941 IR2TES,12,5/27/2023,,2010,,,,,Ireland,Europe,,,NonFiction,
"Breslin, Theresa",An illustrated treasury of Scottish castle legends /,J 398.20941 Sco83bri 2019,20,23-Aug,,2019,,,,,United Kingdom,Europe,,,NonFiction,
"Yolen, Jane",Tam Lin : an old ballad /,J 398.20941 SCO83YOT,26,11/4/2020,,1990,,,,,Ireland,Europe,,,NonFiction,
"Beneduce, Ann Keay",Jack and the beanstalk /,J 398.20942 EN34BEJ,42,2/28/2023,,1999,,,,,United Kingdom,Europe,,,NonFiction,
"Creswick, Paul, 1866-1947",Robin Hood /,J 398.20942 En34crer 1984,11,4/23/2023,,1984,,,,,United Kingdom,Europe,,,NonFiction,
"Early, Margaret, 1951-",Robin Hood /,J 398.20942 EN34EAR,29,8/15/2023,,1996,,,,,United Kingdom,Europe,,,NonFiction,
"Green, Roger Lancelyn",King Arthur and his knights of the Round Table /,J 398.20942 EN34GRK,43,9/1/2022,,2008,,,,,United Kingdom,Europe,,,NonFiction,
"Hodges, Margaret, 1911-2005",Merlin and the making of the king /,J 398.20942 EN34HOMM,27,8/26/2022,,2004,,,,,United Kingdom,Europe,,,NonFiction,
"Hodges, Margaret, 1911-2005",Saint George and the dragon : a golden legend /,J 398.20942 En34hos 1984,35,4/11/2023,,1984,,,,,United Kingdom,Europe,,Caldecot,NonFiction,
"Huck, Charlotte S.",Princess Furball /,J 398.20942 EN34HUP,18,2/26/2021,,1989,x,,,,United Kingdom,Europe,,,NonFiction,
"Jacobs, Joseph, 1854-1916",Tattercoats /,J 398.20942 EN34JAT,16,11/23/2021,,1989,,,,,United Kingdom,Europe,,,NonFiction,
"Kellogg, Steven",The three sillies /,J 398.20942 EN34KET,21,1/25/2023,,1999,,,,,United Kingdom,Europe,,,NonFiction,
"Kimmel, Eric A.",The hero Beowulf /,J 398.20942 EN34KIH,44,3/13/2023,,2005,,,,,United Kingdom,Europe,,,NonFiction,
"Lanier, Sidney, 1842-1881",King Arthur : Sir Thomas Malory's history of King Arthur and his Knights of the Round Table /,J 398.20942 En34lak 2018,13,8/15/2022,,2018,,,,,United Kingdom,Europe,,,NonFiction,
"Lanier, Sidney, 1842-1881",King Arthur : Sir Thomas Malory's history of King Arthur and his Knights of the Round Table /,J 398.20942 En34lak 2018,15,9/15/2023,,2018,,,,,European,Europe,,,NonFiction,
"Mayer, Marianna",The adventures of Tom Thumb /,J 398.20942 EN34MAYA,31,5/15/2023,,2001,,,,,United Kingdom,Europe,,,NonFiction,
"McCaughrean, Geraldine",Saint George and the dragon /,J 398.20942 EN34MCCS,57,5/8/2023,,1989,,,,,United Kingdom,Europe,,,NonFiction,
"Morpurgo, Michael",Sir Gawain and the Green Knight /,J 398.20942 EN34MORS,46,10/6/2022,,2004,,,,,United Kingdom,Europe,,,NonFiction,
"Nesbit, E. 1858-1924",Jack and the beanstalk /,J 398.20942 EN34NEJ,48,5/4/2023,,2006,,,,,United Kingdom,Europe,,,NonFiction,
"Osborne, Mary Pope",Kate and the beanstalk /,J 398.20942 EN34OSK,35,4/8/2023,,2000,,,,,United Kingdom,Europe,,,NonFiction,
"Pyle, Howard, 1853-1911",The story of the Grail and the passing of Arthur /,J 398.20942 EN34PYS,20,4/8/2023,,1985,,,,,United Kingdom,Europe,,,NonFiction,
"San Souci, Robert D.",Robin Hood and the golden arrow : based on the traditional English ballad /,J 398.20942 EN34SANR,25,4/25/2023,,2010,,,,,United Kingdom,Europe,,,NonFiction,
"Walker, Richard, 1943-1999",Jack and the beanstalk /,J 398.20942 EN34WALJ,61,5/12/2023,,1999,,,,,United Kingdom,Europe,,,NonFiction,
"Wiesner, David",The loathsome dragon /,J 398.20942 EN34WIEL,13,9/21/2021,,2005,,,,,United Kingdom,Europe,,,NonFiction,
"Larson, Jean Russell",The fish bride and other Gypsy tales /,J 398.20942 W148LAF,30,11/24/2021,x,2000,,,,,G*psy,North America,,,NonFiction,1
"Wisniewski, David",Golem /,J 398.20943 C996wig 1996,32,7/14/2023,,1996,,x,4,5,Jewish,Jewish,,Caldecott,NonFiction,1
"Allchin, Rosalind",The frog princess /,J 398.20943 G317ALF,23,6/12/2023,,2001,,,,,Germany,Europe,Grimm,,NonFiction,
"Babbitt, Natalie",Ouch! : a tale from Grimm /,J 398.20943 G317BABO,22,9/23/2021,,1998,,,,,Germany,Europe,Grimm,,NonFiction,
"Ernst, Lisa Campbell",The three spinning fairies : a tale from the Brothers Grimm /,J 398.20943 G317ERT,30,6/12/2023,,2002,,,,,Germany,Europe,Grimm,,NonFiction,
"Gág, Wanda, 1893-1946",Snow White and the seven dwarfs /,J 398.20943 G317GAS,24,4/10/2023,,2004,,,,,Germany,Europe,Grimm,Caldecott,NonFiction,
"Grimm, Wilhelm, 1786-1859",Dear Mili : an old tale /,J 398.20943 G317grd 1988,19,3/1/2023,,1988,,,,,Germany,Europe,Grimm,,NonFiction,
"McDermott, Dennis",The golden goose /,J 398.20943 G317GRGG,19,8/5/2023,,2000,,,,,Germany,Europe,Grimm,,NonFiction,
"Rogasky, Barbara",Rapunzel /,J 398.20943 G317GRR,41,7/20/2023,,1982,,,,,Germany,Europe,Grimm,,NonFiction,
,Rumpelstiltskin : a fairy tale /,J 398.20943 G317GRRU,39,45041,,1993,,,,,Germany,Europe,Grimm,,NonFiction,
"Leupin, Herbert, 1916-1999",Tales from the Brothers Grimm /,J 398.20943 G317GRTB,23,2/21/2020,,2015,,,,,Germany,Europe,Grimm,,NonFiction,
"Grimm, Jacob, 1785-1863.",The twelve dancing princesses /,J 398.20943 G317GRTD,24,1/18/2022,,2013,,,,,Germany,Europe,Grimm,,NonFiction,
"Hamilton, Virginia, 1934-2002",The girl who spun gold /,J 398.20943 G317HAMG,21,5/13/2021,,2000,,,,,Germany,Europe,Grimm,,NonFiction,
"Hodges, Margaret, 1911-2005",The hero of Bremen /,J 398.20943 G317HOH,39,3/17/2023,,1993,,,,,Germany,Europe,Grimm,,NonFiction,
"Kimmel, Eric A.",Seven at one blow : a tale from the Brothers Grimm /,J 398.20943 G317KIS,16,3/13/2021,,1998,,,,,Germany,Europe,Grimm,,NonFiction,
"Lesser, Rika",Hansel and Gretel /,J 398.20943 G317LEH,48,3/14/2022,,1999,,,,,Germany,Europe,Grimm,Caldecott,NonFiction,
"Mayer, Mercer, 1943-",The Pied Piper of Hamelin /,J 398.20943 G317MAP,33,1/14/2023,,1987,,,,,Germany,Europe,Grimm,,NonFiction,
"Morpurgo, Michael",The Pied Piper of Hamelin /,J 398.20943 G317MORP,9,8/3/2022,,2011,,,,,Germany,Europe,Grimm,,NonFiction,
"Orgel, Doris, 1929-2021",Doctor All-Knowing : a folk tale from the Brothers Grimm /,J 398.20943 G317ORD,20,3/8/2022,,2008,,,,,Germany,Europe,Grimm,,NonFiction,
"Rogasky, Barbara",The water of life : a tale from the Brothers Grimm /,J 398.20943 G317ROW,17,9/10/2021,,1986,,,,,Germany,Europe,Grimm,,NonFiction,
"Sanderson, Ruth",The crystal mountain /,J 398.20943 G317SAC,18,9/21/2020,,1999,,,,,Germany,Europe,Grimm,,NonFiction,
"Sanderson, Ruth",Rose Red & Snow White : a Grimms fairy tale /,J 398.20943 G317SAR,34,5/9/2022,,1997,,,,,Germany,Europe,Grimm,,NonFiction,
"Shulevitz, Uri, 1935-",The golden goose /,J 398.20943 G317SHG,9,1/30/2020,,1995,,,,,Germany,Europe,Grimm,,NonFiction,
"Tan, Shaun",The singing bones : inspired by Grimms' fairy tales /,J 398.20943 G317TAS,20,8/3/2022,,2016,,,,,Germany,Europe,Grimm,,NonFiction,
"Wenzel, David, 1950-",Fairy tales of the Brothers Grimm /,J 398.20943 G317WEF,23,8/3/2022,,1995,,,,,Germany,Europe,Grimm,,NonFiction,
"Zelinsky, Paul O.",Rapunzel /,J 398.20943 G317zelr 1997,0,11/4/2022,,1997,,,,,Germany,Europe,Grimm,Caldecott,NonFiction,
"Singer, Isaac Bashevis, 1904-1991",Zlateh the goat : and other stories /,J 398.20943 P757SIZ,26,7/18/2023,,1966,,,,,Jewish,Jewish,,Newbery,NonFiction,1
"Anderson, Rachel, 1943-",Renard the Fox /,J 398.20944 F844ANR,23,9/10/2022,,1983,,,,,France,Europe,,,NonFiction,
"Craft, Mahlon F.",Beauty & the beast /,J 398.20944 F844CRB,18,6/20/2023,,2016,,,,,France,Europe,,,NonFiction,
"DeFelice, Cynthia C.",Three perfect peaches : a French folktale /,J 398.20944 F844DET,31,3/11/2023,,1995,,,,,France,Europe,,,NonFiction,
"Huck, Charlotte S.",Toads and diamonds /,J 398.20944 F844HUCT,34,9/27/2022,,1996,,,,,France,Europe,,,NonFiction,
"Kirstein, Lincoln, 1907-1996",Puss in boots /,J 398.20944 F844KIP,39,8/3/2022,,1992,,,,,France,Europe,Grimm,,NonFiction,
"Mayer, Marianna",Beauty and the beast /,J 398.20944 F844MAB,20,9/30/2022,,2000,,,,,France,Europe,,,NonFiction,
"Roth, Susan L.",Brave Martha and the dragon /,J 398.20944 F844ROB,15,4/19/2023,,1996,,,,,France,Europe,,,NonFiction,
"San Souci, Robert D",Cendrillon : a Caribbean Cinderella /,J 398.20944 F844sac 1998,15,45019,,1998,,,4,2,Caribbean,North America,Grimm,,NonFiction,1
"San Souci, Robert D.",Little Pierre : a Cajun story from Louisiana /,J 398.20944 F844SAL,27,23-Aug,,2003,,,,,American,North America,,,NonFiction,
"Sanderson, Ruth",Cinderella /,J 398.20944 F844sanc 2002,25,6/6/2023,,2002,,,,,France,Europe,Grimm,,NonFiction,
"Langton, Jane, 1922-2018",Saint Francis and the wolf /,J 398.20945 IT1LAS,40,6/17/2023,,2007,,,,,Italy,Europe,,,NonFiction,
"Peterson, Julienne","Caterina, the clever farm girl : a tale from Italy  /",J 398.20945 IT1PEC,37,4/15/2023,,1996,,,,,Italy,Europe,,,NonFiction,
"Sanderson, Ruth",Papa Gatto : an Italian fairy tale /,J 398.20945 IT1SAP,34,4/15/2023,,1995,,,,,Italy,Europe,,,NonFiction,
"Sierra, Judy",The beautiful butterfly : a folktale from Spain /,J 398.20946 SP15SIB,26,8/3/2022,,2000,,,,,Spain,Europe,,,NonFiction,
"Arnold, Katya",Baba Yaga & the little girl : a Russian folktale /,J 398.20947 R92ARNB,39,7/16/2023,,1994,,,,,Russian,Russia,,,NonFiction,
"Arnold, Katya",Baba Yaga : a Russian folktale /,J 398.20947 R92ARNBY,31,7/14/2023,,1993,,,,,Russian,Russia,,,NonFiction,
Demi,The Firebird /,J 398.20947 R92DEF,34,8/3/2022,,1994,,,,,Russian,Russia,,,NonFiction,
Demi,The magic gold fish : a Russian folktale /,J 398.20947 R92DEM,54,6/12/2023,,1995,,,,,Russian,Russia,,,NonFiction,
"Ginsburg, Mirra",Clay boy /,J 398.20947 R92GIC,26,4/14/2023,,1997,,,,,Russian,Russia,,,NonFiction,
"Lurie, Alison",The black geese : a Baba Yaga story from Russia /,J 398.20947 R92LUB,27,4/14/2023,,1999,,,,,Russian,Russia,,,NonFiction,
"Mayer, Marianna",Baba Yaga and Vasilisa the Brave /,J 398.20947 R92MAYB,37,4/14/2023,,1994,,,,,Russian,Russia,,,NonFiction,
"Ransome, Arthur, 1884-1967",The fool of the world and the flying ship : a Russian tale /,J 398.20947 R92RAF,51,8/14/2023,,1968,,,,,Russian,Russia,,Caldecott,NonFiction,
"Tolstoy, Aleksey Nikolayevich, graf, 1883-1945",The gigantic turnip /,J 398.20947 R92TOLG,44,45167,,1998,,,,,Russian,Russia,,,NonFiction,
"Kimmel, Eric A.",The birds' gift : a Ukrainian Easter story /,J 398.20947 UK7KIMB,28,4/12/2023,,1999,,,,,Ukraine,Europe,,,NonFiction,
"Kimmel, Eric A.",Sirko and the wolf : a Ukrainian tale /,J 398.20947 UK7KIMS,31,8/3/2022,,1997,,,,,Ukraine,Europe,,,NonFiction,
"Long, Sylvia",Sylvia Long's Thumbelina.,J 398.20948 D417THL,11,4/5/2023,,2010,,,,,Denmark,Europe,HC Andersen,,NonFiction,
"Asbjørnsen, Peter Christen, 1812-1885",D'Aulaires' book of Norwegian folktales /,J 398.20948 N83ASD,34,12/9/2022,,2016,,,,,Norway,Europe,,,NonFiction,
"Atwell, David Lewis",The day Hans got his way : a Norwegian folktale /,J 398.20948 N83ATD,37,8/17/2023,,1992,,,,,Norway,Europe,,,NonFiction,
"Yolen, Jane",Sister Bear : a Norse tale /,J 398.20948 N83YOS,23,7/16/2023,,2011,,,,,Norway,Europe,,,NonFiction,
"Fisher, Leonard Everett",William Tell /,J 398.20949 SW68FIW,18,3/17/2023,,1996,,,,,Sweden,Europe,,,NonFiction,
"DePaola, Tomie, 1934-2020",Christopher : the holy giant /,J 398.2095 AR11DEC,22,5/10/2023,,1994,,,,,Mid East,Middle East,,,NonFiction,
"Napoli, Donna Jo, 1948-","Tales from the Arabian nights : stories of adventure, magic, love, and betrayal /",J 398.2095 Ar11nat 2016,22,4/27/2023,,2016,,,,,Mid East,Middle East,,,NonFiction,
,The Arabian nights : their best-known tales /,J 398.2095 Ar11wig 2019,10,6/8/2023,,2019,,,4,,Mid East,Middle East,,,NonFiction,
"Bouchard, Dave",The dragon new year : a Chinese legend /,J 398.20951 C441BOUD,20,1/29/2023,,1999,,,4,,China,Asia,,,NonFiction,1
"Casey, Dawn, 1975-",The great race : the story of the Chinese zodiac /,J 398.20951 C441CASEG,31,2/3/2023,,2006,,,1,1,China,Asia,,,NonFiction,1
"Chen, Jiang Hong, 1963-",The magic horse of Han Gan /,J 398.20951 C441CHENM,24,8/3/2022,,2006,,x,c/o,,China,Asia,,,NonFiction,1
Demi,The donkey and the rock /,J 398.20951 C441DED,37,3/30/2023,,1999,,,2,4,China,Asia,,,NonFiction,1
Demi,The dragon's tale and other animal fables of the Chinese zodiac /,J 398.20951 C441DEDR,21,2/12/2023,,1996,,,1,4,China,Asia,,,NonFiction,1
Demi,The emperor's new clothes : a tale set in China /,J 398.20951 C441DEE,31,6/30/2023,,2000,,,1,4,China,Asia,,,NonFiction,1
Demi,The greatest treasure /,J 398.20951 C441DEG,11,3/30/2023,,1998,,,1,4,China,Asia,,,NonFiction,1
Demi,The magic tapestry : a Chinese folktale /,J 398.20951 C441DEM,36,4/23/2023,,1994,,,1,4,China,Asia,,,NonFiction,1
"Hume, Lotta Carswell",Favorite children's stories from China and Tibet /,J 398.20951 C441HUF,39,8/3/2022,,1962,,,1,3,China,Asia,,,NonFiction,1
"Yacowitz, Caryn",The jade stone : a chinese folktale /,J 398.20951 C441YAJ,21,8/3/2022,,1992,,,2,3,China,Asia,,,NonFiction,1
"Yep, Laurence, 1948-",The dragon prince : a Chinese Beauty & the beast tale /,J 398.20951 C441YED,34,3/8/2023,,1997,,,1,5,China,Asia,,,NonFiction,1
"Yip, Mingmei",Chinese children's favorite stories /,J 398.20951 C441YIC,69,3/22/2023,,2004,,x,1,5,China,Asia,,,NonFiction,1
"Young, Ed.",Cat and Rat : the legend of the Chinese zodiac /,J 398.20951 C441yoc 1995,1,1/23/2023,,1995,,,1,5,China,Asia,,,NonFiction,1
"Yolen, Jane",The emperor and the kite /,J 398.20951 C441yoe 1988,4,3/6/2023,,1988,,,1,3,China,Asia,,Caldecott,NonFiction,1
"Young, Ed",The lost horse : a Chinese folktale /,J 398.20951 C441yolh 1998,1,5/9/2023,,1998,,x,1,5,China,Asia,,,NonFiction,1
"Young, Ed",Lon Po Po : a red-riding hood story from China /,J 398.20951 C441YOLP,93,1/4/2023,,1989,,x,1,5,China,Asia,Grimm,Caldecott,NonFiction,1
"Climo, Shirley",The Korean Cinderella /,J 398.20951 K841CLK,54,44999,,1993,,,1,1,Korea,Asia,,,NonFiction,1
"Ginsburg, Mirra",The Chinese mirror /,J 398.20951 K841GIC,18,8/3/2022,,1988,,,c/o,1,Korea,Asia,,,NonFiction,1
"Han, Oki S.",Kongi and Potgi : a Cinderella story from Korea /,J 398.20951 K841HAK,63,45126,,1996,,x,1,5,Korea,Asia,,,NonFiction,1
"Kim, So-un, 1907-1981","Korean children's favorite stories : fables, myths and fairy tales /",J 398.20951 K841kikc 2019,4,8/3/2022,,2004,,x,1,5,Korea,Asia,,,NonFiction,1
"San Souci, Daniel",In the moonlight mist : a Korean tale /,J 398.20951 K841SAI,28,,,1999,,,1,3,Korea,Asia,,,NonFiction,1
"Bodkin, Odds",The crane wife /,J 398.20952 J271boc 1998,25,4/10/2023,,1998,,,1,1,Japan,Asia,,,NonFiction,1
"Manley, Curtis",The crane girl : based on Japanese folktales /,J 398.20952 J271MANC,7,8/3/2022,,2017,,,c/o,2,Japan,Asia,,,NonFiction,1
"Martin, Rafe, 1946-",Mysterious tales of Japan /,J 398.20952 J271MARM,49,8/3/2022,,1996,,,c/o,5,Japan,Asia,,,NonFiction,1
"McDermott, Gerald",The stonecutter : a Japanese folk tale /,J 398.20952 J271MCDS,22,8/3/2022,,1975,,,c/o,1,Japan,Asia,,,NonFiction,1
"Sierra, Judy",Tasty baby belly buttons  /,J 398.20952 J271SIT,21,10/26/2022,,1999,,,c/o,2,Japan,Asia,,,NonFiction,1
"Snyder, Dianne",The boy of the three-year nap /,J 398.20952 J271SNB,30,5/27/2023,,1988,,,c/o,3,Japan,Asia,,Caldecott,NonFiction,1
"Bash, Barbara",In the heart of the village : the world of the Indian Banyan tree /,J 398.20954 IN2BASI,102,10/31/2022,,1996,,,2,2,India,Asia,,,NonFiction,1
"Brucker, Meredith Babeaux",Anklet for a princess : a Cinderella story from India /,J 398.20954 IN2BRA,44,4/10/2023,,2002,,,1,4,India,Asia,,,NonFiction,1
Demi,One grain of rice : a mathematical folktale /,J 398.20954 IN2DEO,44,9/11/2023,,,,,1,2,India,Asia,,,NonFiction,1
"Divakaruni, Chitra Banerjee, 1956-",Grandma and the great gourd : a Bengali folk tale /,J 398.20954 IN2DI,27,4/22/2023,,2013,,x,1,5,India,Asia,,,NonFiction,1
"Hamilton, Martha",The ghost catcher : a Bengali folktale /,J 398.20954 IN2HAMG,17,8/3/2022,,2008,,,2,2,India,Asia,,,NonFiction,1
"Newton, Patricia Montgomery",The stonecutter : an Indian folktale /,J 398.20954 IN2NES,87,9/30/2022,,1990,,,1,1,India,Asia,,,NonFiction,1
"Shepard, Aaron",The gifts of Wali Dad : a tale of India and Pakistan /,J 398.20954 IN2SHEG,116,8/8/2022,,1995,,,2,2,India,Asia,,,NonFiction,1
"So, Meilo","Gobble, gobble, slip, slop : a tale of a very greedy cat /",J 398.20954 IN2SOG,17,8/3/2022,,2004,,,2,2,India,Asia,,,NonFiction,1
"Soundar, Chitra",Pattan's pumpkin : a traditional flood story from southern India /,J 398.20954 In2sop 2017,7,12/6/2022,,2017,,x,3,5,India,Asia,,,NonFiction,1
"Soundar, Chitra",A sliver of moon and a shard of truth : stories from India /,J 398.20954 In2sos 2022,8,45157,,2022,,x,1,5,India,Asia,,,NonFiction,1
"Wolf, Gita",The very hungry lion : a folktale /,J 398.20954 IN2WOV,45,7/18/2023,,1996,,,1,1,India,Asia,,,NonFiction,1
"DePaola, Tomie, 1934-2020",The legend of the persian carpet /,J 398.20955 IR1DEL,56,7/10/2023,,1993,,,1,1,Mid East,Middle East,,,NonFiction,1
"Hofmeyr, Dianne",The stone : a Persian legend of the Magi /,J 398.20955 IR1HOS,24,8/2/2022,,1998,,,2,1,Mid East,Middle East,,,NonFiction,1
"Tarnowska, Wafa'",The seven wise princesses : a medieval Persian epic /,J 398.20955 IR1TAS,59,7/25/2023,,2000,,x,4,5,Mid East,Middle East,,,NonFiction,1
"Zeman, Ludmila",Gilgamesh the king /,J 398.20956 Ir1zeg 1998,12,8/12/2023,,1998,,,3,2,Mid East,Middle East,,,NonFiction,1
"Zeman, Ludmila",The last quest of Gilgamesh /,J 398.20956 Ir1zel 1998,9,9/20/2022,,1998,,,3,2,Mid East,Middle East,,,NonFiction,1
"Zeman, Ludmila",The revenge of Ishtar /,J 398.20956 Ir1zer 1993,11,8/14/2023,,1993,,,3,2,Mid East,Middle East,,,NonFiction,1
Shahrukh Husain,The wise fool : fables from the Islamic world /,J 398.20956 M584SHW,14,8/4/2023,,2011,,x,2,5,Mid East,Middle East,,,NonFiction,1
"Young, Ed",What about me? /,J 398.20956 M584YOW,6,8/2/2022,,2002,,,1,1,Mid East,Middle East,,,NonFiction,1
Demi,The hungry coat : a tale from Turkey /,J 398.20956 T847DEMH,36,7/22/2023,,2004,,,,,Turkey,Asia,,,NonFiction,1
"Johnson-Davies, Denys",Goha the wise fool /,J 398.20956 T847JOG,21,8/2/2022,,2005,,,0,3,Mid East,Middle East,,,NonFiction,1
"MacDonald, Margaret Read, 1940-","Go to sleep, Gecko! : a Balinese folktale /",J 398.20959 IN2MAG,22,2/27/2023,,2006,,,3,2,Bali,Oceana,,,NonFiction,1
"Garland, Sherry",Why ducks sleep on one leg /,J 398.20959 V678GAW,15,8/2/2022,,1993,,,1,1,Vietnam,Asia,,,NonFiction,1
"Shepard, Aaron",The crystal heart : a Vietnamese legend /,J 398.20959 V678SHC,23,8/2/2022,,1998,,,2,2,Vietnam,Asia,,,NonFiction,1
"Aardema, Verna",Rabbit makes a monkey of lion : a Swahili tale /,J 398.2096 AF83AAR,22,5/1/2023,,1989,,,,1,Africa,Africa,,,NonFiction,1
"Bryan, Ashley","Ashley Bryan's African tales, uh-huh /",J 398.2096 AF83BRAT,35,5/22/2023,,1998,,,2,5,Africa,Africa,,,NonFiction,1
"Daly, Niki",Pretty Salma : a Little Red Riding Hood story from Africa /,J 398.2096 Af83dalp 2007,13,45070,,2007,,x,1,5,Ghana,Africa,,,NonFiction,1
"Dayrell, Elphinstone, 1869-1917",Why the sun and the moon live in the sky : an African folktale /,J 398.2096 Af83daw 1968,21,2/1/2023,,1968,,x,1,5,Africa,Africa,,Caldecott,NonFiction,1
"Lester, Julius, 1939-2018",How many spots does a leopard have? : and other tales /,J 398.2096 AF83LEH,18,1/25/2023,,1989,,,4,2,Africa,Africa,,,NonFiction,1
"Naidoo, Beverley",Who is king? : ten magical stories from Africa /,J 398.2096 AF83NAW,7,8/2/2022,,2015,,x,4,5,Africa,Africa,,,NonFiction,1
"White, Carolyn, 1948-",The tree house children : an African tale /,J 398.2096 AF83WHT,8,11/18/2022,,1994,,,0,1,Africa,Africa,,,NonFiction,1
"Climo, Shirley",The Egyptian Cinderella /,J 398.20962 EG98CLE,72,3/25/2023,,1989,,,1,2,Egypt,Africa,,,NonFiction,1
"Day, Nancy Raines",The lion's whiskers : an Ethiopian folktale /,J 398.20963 ET37DAL,36,2/1/2023,,1995,,,1,2,Ethiopia,Africa,,,NonFiction,1
"Kurtz, Jane",Fire on the mountain /,J 398.20963 ET37KUF,30,8/2/2022,,1994,,x,1,5,Africa,Africa,,,NonFiction,1
"Badoe, Adwoa",The pot of wisdom : Ananse stories /,J 398.20966 G341BAP,32,5/22/2023,,2001,,x,2,5,Ghana,Africa,,,NonFiction,1
"Berry, James, 1924-2017",Don't leave an elephant to go and chase a bird /,J 398.20966 G341BED,21,8/2/2022,,1996,,,4,2,Multiple: Ghana/Carribean,Africa,,,NonFiction,1
"Cummings, Pat",Ananse and the lizard : a West African tale /,J 398.20966 G341CUA,36,10/6/2022,,2002,,,1,2,Ghana,Africa,,,NonFiction,1
"Mollel, Tololwa M.",Ananse's feast : an Ashanti tale /,J 398.20966 G341MOA,34,8/2/2022,,1997,,x,1,5,Ghana,Africa,,,NonFiction,1
"Musgrove, Margaret",The spider weaver : a legend of kente cloth /,J 398.20966 G341MUS,46,6/13/2023,,2001,,,1,2,Ghana,Africa,,,NonFiction,1
"Paye, Won-Ldy","Head, body, legs : a story from Liberia /",J 398.20966 L615PAH,18,11/4/2022,,2002,,x,1,5,Liberia,Africa,,,NonFiction,1
"Diakité, Baba Wagué",The hatseller and the monkeys : a West African folktale /,J 398.20966 M294DIH,33,3/27/2023,,1999,,x,1,5,Mali,Africa,,,NonFiction,1
"Diakité, Baba Wagué",The magic gourd /,J 398.20966 M294DIM,25,8/2/2022,,2003,,x,1,5,Mali,Africa,,,NonFiction,1
"Mollel, Tololwa M.",The flying tortoise : an Igbo tale /,J 398.20966 N5615MOF,16,8/2/2022,,1994,,x,1,5,Nigeria,Africa,,,NonFiction,1
"Courlander, Harold, 1908-1996",The cow-tail switch and other West African stories /,J 398.20966 W52COC,22,8/2/2022,,2008,,,3,2,Africa,Africa,,Newbery,NonFiction,1
"Medearis, Angela Shelf, 1956-",The singing man : adapted from a West African folktale /,J 398.20966 W52MES,19,1/25/2023,,1994,,,1,5,Nigeria,Africa,,,NonFiction,1
"Paye, Won-Ldy",The talking vegetables /,J 398.20966 W52PAT,19,8/2/2022,,2006,,x,1,5,Liberia,Africa,,,NonFiction,1
"Aardema, Verna",How the ostrich got a long neck /,J 398.20967 K422AAH,35,3/5/2023,,1995,,,2,1,Kenya,Africa,,,NonFiction,1
"Mollel, Tololwa M.",Song bird /,J 398.20967 T159MOSB,18,8/31/2022,,1991,,x,1,5,Africa,Africa,,,NonFiction,1
"Bryan, Ashley",Beautiful blackbird /,J 398.20968 N151BRB,37,9/7/2022,x,2003,x,x,,5,Zambia,Africa,,,NonFiction,1
"Aardema, Verna",This for that : a Tonga tale /,J 398.20968 Z14AAT,29,8/23/2022,,1997,,,2,1,Tonga,Africa,,,NonFiction,1
"Jorisch, Stephane",As for the Princess,J 398.20971 Q3joa 2001,8,1/2/2023,,2001,,x,,5,Quebec,North America,,,NonFiction,1
"Moreton, Daniel",La Cucaracha Martina : a Caribbean folktale /,J 398.20972 C191MOC,13,8/2/2022,,1997,,,1,5,Cuba,North America,,,NonFiction,1
"Storace, Patricia",Sugar Cane : a Caribbean Rapunzel /,J 398.20972 C191STS,29,8/2/2022,,2007,,,,,Caribbean,North America,Grimm,,NonFiction,1
"Gerson, Mary-Joan",People of corn : a Mayan story /,J 398.20972 G932GEP,33,10/4/2022,x,1995,x,x,,5,Mayan,Central America,,,NonFiction,1
,Horse hooves and chicken feet : Mexican folktales /,J 398.20972 M574HO,32,8/2/2022,,2003,,,4,4,Mexico,Central America,,,NonFiction,1
"Peterson, Megan Cooley",La Llorona : the legendary weeping woman of Mexico /,J 398.20972 M574pel 2020,2,8/2/2022,,2020,,,1,1,Mexico,Central America,,,NonFiction,1
"Tonatiuh, Duncan",Feathered serpent and the five suns : a Mesoamerican creation myth /,J 398.20972 M574tof 2020,3,7/13/2023,,2020,,x,4,5,Mexico,Central America,,,NonFiction,1
"Belpré, Pura",Once in Puerto Rico /,J 398.20972 P962BEO,12,4/29/2023,,1973,,x,2,5,Puerto Rico,North America,,,NonFiction,1
"Montes, Marisa",Juan Bobo goes to work : a Puerto Rican folktale /,J 398.20972 P962MOJ,19,8/2/2022,,2000,,x,1,5,Puerto Rico,North America,,Belpre,NonFiction,1
"Bryan, Ashley",Turtle knows your name /,J 398.20972 W52BRT,18,8/2/2022,,1989,,,1,5,West Indies,Oceana,,,NonFiction,1
"Finger, Charles Joseph, 1869-1941",Tales from silver lands /,J 398.2098 SO87FIT,33,6/13/2023,x,1924,,,,1,South America,South America,,Newbery,NonFiction,1
"Maggi, María Elena",The great canoe : a Karińa legend /,J 398.2098 SO87MAG,13,8/2/2022,,2001,,x,4,5,Venezuela,South America,,,NonFiction,1
"Hickox, Rebecca",Zorro and Quwi /,J 398.20985 P435HIZ,11,1/21/2023,,1997,,,3,1,Peru,South America,,,NonFiction,1
"Czernecki, Stefan",The singing snake /,J 398.20994 AU78CZS,23,8/2/2022,,1993,,,1,1,Australia,Australia,,,NonFiction,1
"Marshall, James Vance, 1924-",Stories from the Billabong /,J 398.20994 AU78MAS,23,1/4/2023,,2008,,,3,3,Australia,Australia,,,NonFiction,1
"Wolkstein, Diane",Sun Mother wakes the world : an Australian creation story /,J 398.20994 AU78WOS,36,11/19/2022,,2004,,,3,3,Australia,Australia,,,NonFiction,1
"Erickson, Marty",Mermaids /,J 398.21 Er44m 2022,5,7/15/2023,,2022,,,,,European,Europe,,,NonFiction,
"Erickson, Marty",Trolls /,J 398.21 Er44t 2022,1,7/26/2022,,2022,,,,,European,Europe,,,NonFiction,
"Gagliardi, Sue, 1969-",Gnomes /,J 398.21 G121g 2022,2,8/30/2022,,2022,,,,,European,Europe,,,NonFiction,
"San Souci, Robert D.","Cut from the same cloth : American women of myth, legend, and tall tale /",J 398.21 Sa54c 1993,0,11/4/2022,,1993,,,,,American,World,,,NonFiction,
"Donkin, Andrew",Atlantis : the lost city? /,J 398.234 D718A,34,7/19/2023,,2000,,,,,European,Europe,,,NonFiction,
"Karst, Ken",Atlantis /,J 398.234 K149A,4,7/10/2023,,2015,,,,,European,Europe,,,NonFiction,
"Polinsky, Paige V.",Atlantis /,J 398.234 P759a 2020,4,8/14/2023,,2020,,,,,European,Europe,,,NonFiction,
"Troupe, Thomas Kingsley",The legend of Atlantis /,J 398.234 T757L,16,8/21/2023,,2012,,,,,European,Europe,,,NonFiction,
"Drimmer, Stephanie Warren",Mythical beasts : 100 fun facts about real animals and the myths they inspire /,J 398.2454 D832m 2022,2,8/3/2023,,2022,,,,,World,World,,,NonFiction,
"Erickson, Marty",Dragons /,J 398.2454 Er44d 2022,6,11/25/2022,,2022,,,,,European,Europe,,,NonFiction,
"Erickson, Marty",Unicorns /,J 398.2454 Er44u 2022,10,7/24/2023,,2022,,,,,European,Europe,,,NonFiction,
"Huddleston, Emma",Werewolves /,J 398.2454 H866w 2022,4,11/15/2022,,2022,,,,,European,Europe,,,NonFiction,
"Loh-Hagan, Virginia",Discover unicorns /,J 398.2454 L83u 2023,1,8/8/2023,,2023,,,,,European,Europe,,,NonFiction,
"Fowler, Zinita","Ghost stories of Old Texas, II /",J 398.25 F829G,16,8/2/2022,,1992,,,,,Racism,World,,,NonFiction,
"Peterson, Megan Cooley",The Flying Dutchman : the doomed ghost ship /,J 398.25 P442f 2020,1,8/2/2022,,2020,,,,,Netherlands,Europe,,,NonFiction,
"San Souci, Robert D",More short & shivery : thirty terrifying tales /,J 398.25 Sa54m 1994,0,11/4/2022,,1994,,,,,?,,,,NonFiction,
,Scared witless : thirteen eerie tales to tell /,J 398.25 SCA72H,22,8/2/2022,,2006,,,,,?,,,,NonFiction,
"Schwartz, Alvin, 1927-1992",Scary stories to tell in the dark : collected from folklore /,J 398.25 Sch95s 2010,23,11/8/2022,,2010,,,,,?,,,,NonFiction,
"Schwartz, Alvin, 1927-1992",Scary stories to tell in the dark /,J 398.25 Sch95s 2017,1,7/19/2023,,2017,,,,,?,,,,NonFiction,
"Schwartz, Alvin, 1927-1992",Scary stories 3 : more tales to chill your bones /,J 398.25 Sch95ss3 2011,0,12/15/2022,,2011,,,,,?,,,,NonFiction,
"Schwartz, Alvin, 1927-1992",Scary stories 3 : more tales to chill your bones /,J 398.25 Sch95ss3 2011,26,11/10/2022,,2011,,,,,?,,,,NonFiction,
"Erickson, Marty",Zombies /,J 398.45 Er44z 2022,5,11/15/2022,,2022,,,,,American,North America,,,NonFiction,
,The Charles Addams Mother Goose /,J 398.8 CH38MG,24,11/3/2022,,2002,,,,,European,Europe,,,NonFiction,
,I saw Esau : the schoolchild's pocket book /,J 398.8 I1o 2012,8,7/6/2023,,2012,,,,,?,,,,NonFiction,
"By Aardema, Verna",Why mosquitoes buzz in people's ears : a West African tale (1975),E AARDE,,,,1975,,,,,West Africa,Africa,,Caldecott,Fiction,1
"By Grifalconi, Ann",The village of round and square houses (1986),E GRIFA,,,,1986,,,,,West Africa,Africa,,Caldecott,Fiction,1
"By McDermott, Gerald",Anansi the spider : a tale from the Ashanti (1972),E MCDER,,,,1972,,,,,Ghana,Africa,,Caldecott,Fiction,1
"By McDermott, Gerald",Zomo the Rabbit : a trickster tale from West Africa (1992),E MCDER,,,,1992,,,,,Nigeria,Africa,,,Fiction,1
"By Kurtz, Jane","In the small, small night (2005)",E KURTZ,,,,2005,,,,,Ghana,Africa,listed,,Fiction,1
"By McDermott, Gerald",Monkey : a trickster tale from India (2011),E MCDER,,,,2011,,,,,India,Asia,,,Fiction,1
"By Thong, Roseanne",The wishing tree (2004),E THONG,,,,2004,,,,,China,Asia,,,Fiction,1
"By Wang, Gabrielle",The race for the Chinese zodiac (2013),E WANG,,,,2013,,,,,China,Asia,,,Fiction,1
"By Alvarez Hernandez, David Daniel",Ancient night (2023),E ALVAR,,,,2023,,,,,Mexico,Central America,,,Fiction,1
"By Keats, Ezra Jack",John Henry : an American legend (1987),E KEATS,,,,1987,,,,,African American,North America,,,Fiction,1
"By Lumbard, Alexis York",Pine and the winter sparrow (2015),E LUMBA,,,,2015,,,,,Native American,North America,,,Fiction,1
"By McDermott, Gerald",Pig-Boy : a trickster tale from Hawai?i (2009),E MCDER,,,,2009,,,,,American,Oceania,,,Fiction,1
"By Choi, Eun-Mi","Where are you, sun bear (2015)",E CHOI,,,,2015,,,,,Malaysia,Oceania,,,Fiction,1
"By Bunting, Eve",Finn McCool and the great fish (2010),E BUNTI,,,,2010,,,,,European,Europe,,,Fiction,
"By Elya, Susan Middleton",Little Roja Riding Hood (2014),E ELYA,,,,2014,,,,,Germany,Europe,,Belpre,Fiction,
"By Galdone, Paul",Henny Penny(1968),E GALDO,,,,1968,,,,2,Germany,Europe,Grimm,,Fiction,
"By Galdone, Paul",Jack and the beanstalk(1974),E GALDO,,,,1974,,,,,England,Europe,,,Fiction,
"By Galdone, Paul",Little Red Riding Hood : adapted from the retelling by the Brothers Grimm (2012),E GALDO,,,,2012,,,,,Germany,Europe,Grimm,,Fiction,
"By Galdone, Paul",Rumpelstiltskin (1985),E GALDO,,,,1985,,,,,Germany,Europe,Grimm,,Fiction,
"By Galdone, Paul",The teeny-tiny woman : a folk tale classic (2016),E GALDO,,,,2016,,,,,Norway,Europe,HC Anderson,,Fiction,
"By Galdone, Paul",The three little pigs (1970),E GALDO,,,,1970,,,,,Britain,Europe,,,Fiction,
"By Galdone, Paul",The three bears(1972),E GALDO,,,,1972,,,,,Britain,Europe,,,Fiction,
"By Spirin, Gennady",Little Red Riding Hood (2010),E GRIMM,,,,2010,,,,,Germany,Europe,Grimm,,Fiction,
"By Karlin, Barbara",James Marshall's Cinderella (2001),E KARLI,,,,2001,,,,,France,Europe,,,Fiction,
"By Kellogg, Steven",Jack and the beanstalk (1991),E KELLO,,,,1991,,,,,Britain,Europe,,,Fiction,
"By Marshall, James",Goldilocks and the three bears (1988),E MARSH,,,,1988,,,,,Britain,Europe,,Caldecott,Fiction,
"By Marshall, James",Hansel and Gretel (1990),E MARSH,,,,1990,,,,1,Germany,Europe,Grimm,,Fiction,
"By Marshall, James",Red Riding Hood (1987),E MARSH,,,,1987,,,,,Germany,Europe,Grimm,,Fiction,
"By Perrault, Charles","Cinderella, or, The little glass slipper (1954)",E PERRA,,,,1954,,,,,France,Europe,Grimm,Caldecott,Fiction,
"By Perrault, Charles",Puss in boots (1990),E PERRA,,,,1990,,x,,5,Germany,Europe,,Caldecott,Fiction,
"By Pinkney, Jerry",Puss in Boots (2012),E PINKN,,,,2012,,,,5,Germany,Europe,Grimm,,Fiction,
"By Pinkney, Jerry",The grasshopper & the ants (2015),E PINKN,,,,2015,,,,,European,Europe,Aesop,,Fiction,
"By Pinkney, Jerry",The lion & the mouse(2009),E PINKN,,,,2009,,,,,European,Europe,Aesop,Caldecott,Fiction,
"By Pinkney, Jerry",The three billy goats gruff (2017),E PINKN,,,,2017,,,,,Norway,Europe,,,Fiction,
"By Pinkney, Jerry",The tortoise & the hare(2013),E PINKN,,,,2013,,x,,5,European,Europe,Aesop,,Fiction,
"By Rylant, Cynthia",Beauty and the Beast (2017),E RYLAN,,,,2017,,,,,France,Europe,,,Fiction,
"By Sage, Alison",Sleeping Beauty (2015),E SAGE,,,,2015,,,,,Germany,Europe,Grimm,,Fiction,
"By Ward, Helen",The hare and the tortoise : a fable from Aesop (1999),E WARD,,,,1999,,,,,European,Europe,Aesop,,Fiction,
"By Watts, Bernadette",The tortoise and the hare : an Aesop fable (2015),E WATTS,,,,2015,,,,,European,Europe,Aesop,,Fiction,
"By Young, H. Edwin",Seven blind mice (1992),E YOUNG,,,,1992,,,,,Britain,Europe,,Caldecott,Fiction,
"By Zemach, Margot",It could always be worse : a Yiddish folk tale (1976),E ZEMAC,,,,1976,,,,,Jewish,Jewish,,Caldecott,Fiction,1
"By Aylesworth, Jim",The gingerbread man (2017),E AYLES,,,,2017,,,,,American,North America,,,Fiction,
"By Galdone, Paul",The elves and the shoemaker (1984),E GALDO,,,,1984,,,,,European,North America,,,Fiction,
"By Galdone, Paul",The gingerbread boy (1975),E GALDO,,,,1975,,,,,American,North America,,,Fiction,
"By Robbins, Ruth",Baboushka and the three kings (1960),E ROBBI,,,,1960,,,,,Russia,Russia,,Caldecott,Fiction,
"By Galdone, Paul",The town mouse and the country mouse(2012),E GALDO,,,,2012,,,,,,,,,,
